{"current":{"color_body_bg":"#ffffff","color_body_text":"#000000","color_price":"#1c1d1d","color_savings_text":"#ff4e4e","color_borders":"#e8e8e1","color_button":"#111111","color_button_text":"#fff","color_cart_dot":"#ff4f33","color_small_image_bg":"#fff","color_large_image_bg":"#0f0f0f","color_header":"#fff","color_header_text":"#000","color_announcement":"#0f0f0f","color_announcement_text":"#fff","color_footer":"#ffffff","color_footer_text":"#000000","color_drawer_background":"#ffffff","color_drawer_text":"#000000","color_drawer_border":"#e8e8e1","color_drawer_button":"#111111","color_drawer_button_text":"#ffffff","color_modal_overlays":"#e6e6e6","color_image_overlay":"#000","color_image_overlay_text_shadow":20,"type_header_font_family":"bauer_bodoni_n7","type_header_spacing":"0","type_header_base_size":40,"type_header_line_height":1,"type_header_capitalize":false,"type_headers_align_text":true,"type_base_font_family":"futura_n4","type_base_spacing":"25","type_base_size":17,"type_base_line_height":1.6,"type_body_align_text":true,"type_navigation_style":"body","type_navigation_size":18,"type_product_style":"body","type_collection_font":"heading","type_collection_size":26,"button_style":"square","icon_weight":"3px","icon_linecaps":"miter","vendor_enable":false,"sku_enable":false,"quantity_enable":false,"variant_labels_enable":false,"variant_type":"button","enable_payment_button":true,"inventory_enable":true,"quick_shop_text":"Quick view","product_grid_image_size":"natural","product_hover_image":false,"product_color_swatches":false,"collection_color_swatches":false,"product_video_width":"960","product_video_height":"1280","product_video_style":"muted","product_contact":false,"collection_grid_style":"overlaid","collection_grid_shape":"square","collection_grid_image":"product","collection_grid_text_align":"center","collection_grid_tint":"#000000","collection_grid_opacity":10,"collection_grid_gutter":true,"cart_type":"drawer","cart_notes_enable":false,"cart_terms_conditions_enable":false,"currency_format":"money_format","social_facebook_link":"https:\/\/www.facebook.com\/shopify","social_pinterest_link":"https:\/\/www.pinterest.com\/shopify","social_instagram_link":"https:\/\/instagram.com\/shopify","share_facebook":true,"share_twitter":true,"share_pinterest":true,"favicon":"shopify:\/\/shop_images\/1000003041.png","checkout_logo_position":"left","checkout_logo_size":"small","checkout_body_background_color":"#fff","checkout_input_background_color_mode":"white","checkout_sidebar_background_color":"#fafafa","checkout_accent_color":"#111111","checkout_button_color":"#111111","checkout_error_color":"#ff6d6d","breadcrumb":true,"sections":{"header":{"type":"header","blocks":{"1524770014057":{"type":"logo","settings":{"logo":"shopify:\/\/shop_images\/1000003041.png","desktop_logo_width":140,"mobile_logo_width":110}},"1524770292306":{"type":"announcement","settings":{"text":"Free shipping","link_text":"On all orders over $100","link":""}},"1524770296206":{"type":"announcement","settings":{"text":"Hassle-free returns","link_text":"30-day postage paid returns","link":""}}},"block_order":["1524770014057","1524770292306","1524770296206"],"settings":{"main_menu_link_list":"main-menu","main_menu_alignment":"center-split","header_style":"sticky","sticky_index":false,"sticky_collection":false,"header_search_enable":true,"toolbar_menu":"","toolbar_social":true,"toolbar_currencies":false,"announcement_compact":true}},"footer":{"type":"footer","blocks":{"1494301487049":{"type":"menu","settings":{"show_footer_title":false,"menu":"footer","container_width":25}},"1494292487693":{"type":"newsletter","settings":{"show_footer_title":true,"title":"Sign up and save","text":"<p>Subscribe to get special offers, free giveaways, and once-in-a-lifetime deals.<\/p>","container_width":33}},"1494301487048":{"type":"logo_social","settings":{"desktop_logo_height":50,"container_width":95}}},"block_order":["1494301487049","1494292487693","1494301487048"],"settings":{"show_payment_icons":false,"show_copyright":false,"copyright_text":""}},"collection-template":{"type":"collection-template","settings":{"subcollection_style":"above","subcollections_per_row":5,"per_row":4,"rows_per_page":7}},"product-template":{"type":"product-template","settings":{"image_size":"large","social_enable":true,"recently_viewed_enable":true,"recent_count":5}},"article-template":{"type":"article-template","settings":{"blog_show_tags":true,"blog_show_date":true,"blog_show_comments":true,"blog_show_author":false,"social_sharing_blog":true}},"1498163293234":{"type":"featured-content","settings":{"title":"WELCOME TO SHEKH BREND","text":"<p>At Shekh Brend, we aim to shape fashion and create new trends.Our collections blend innovative designs with lasting quality, encouraging individuals to express their unique style confidently.Join us in exploring a world where creativity meets craftsmanship.<\/p>","align_text":"center","narrow_column":false,"enlarge_text":true,"divider":false}},"blog-template":{"type":"blog-template","settings":{"blog_show_tag_filter":true,"blog_show_rss":false,"blog_show_tags":true,"blog_show_date":true,"blog_show_comments":true,"blog_show_author":false,"blog_image_size":"wide"}},"1499789718857":{"type":"featured-collections","blocks":{"1499789718857-0":{"type":"collection","settings":{"collection":"phone-cases-new-collection-2025","title":"","focal_point":"center center"}},"1499789718857-1":{"type":"collection","settings":{"collection":"svitterlar-new-collection-2025","title":"","focal_point":"center center"}},"1499789718857-2":{"type":"collection","settings":{"collection":"t-shirt-new-collection-2025","title":"","focal_point":"center center"}},"1499789718857-3":{"type":"collection","settings":{"collection":"photo-block-new-2025","title":"","focal_point":"center center"}}},"block_order":["1499789718857-0","1499789718857-1","1499789718857-2","1499789718857-3"],"settings":{"title":"Shop by category","divider":false,"per_row":4,"enable_gutter":true}},"product-sections-template":{"type":"product-sections-template","blocks":{"product-image-row":{"type":"image-row","settings":{"enable_gutter":false,"enable_zoom":true}},"product-text-and-image":{"type":"text-and-image","settings":{"layout":"left"}},"product-background-image-text":{"type":"background-image-text","settings":{"alignment":"center","color_border":"#f4f4f4","layout":"right","height":550,"parallax":true}},"product-text-columns":{"type":"text-columns","settings":{}},"product-hero-video":{"type":"hero-video","settings":{"text_align":"vertical-bottom horizontal-left","section_height":"650px","mobile_height":"auto"}}},"block_order":["product-image-row","product-text-and-image","product-background-image-text","product-text-columns","product-hero-video"],"settings":{"image_size":"medium","social_enable":true,"collection_links_enable":true}},"page-sections-template":{"type":"page-sections-template","blocks":{"page-image-hero":{"type":"image-hero","settings":{}},"page-rich-text":{"type":"rich-text","settings":{"align_text":"center","narrow_column":true,"enlarge_text":true}},"page-text-columns":{"type":"text-columns","settings":{}},"page-background-image-text":{"type":"background-image-text","settings":{"alignment":"center","color_border":"#f4f4f4","layout":"right","height":550}},"page-featured-collection":{"type":"featured-collection","settings":{"title":"Featured collection","per_row":4,"rows":1,"view_all":true}}},"block_order":["page-image-hero","page-rich-text","page-text-columns","page-background-image-text","page-featured-collection"],"settings":{"page_title_enable":false,"page_content_enable":false}},"newsletter-popup":{"type":"newsletter-popup","settings":{"mode":"disabled","popup_seconds":5,"popup_days":30,"popup_title":"Sign up and save","popup_text":"<p>Entice customers to sign up for your mailing list with discounts or exclusive offers. Include an image for extra impact.<\/p>","close_text":"No thanks","enable_newsletter":true,"button_label":"Optional button","button_link":"","enable_button":false}},"1524769873765":{"type":"slideshow","blocks":{"1524769873765-0":{"type":"image","settings":{"top_subheading":"","title":"","title_size":80,"subheading":"","link":"shopify:\/\/collections\/all","link_text":"Shop all","link_2":"","link_text_2":"","color_accent":"rgba(0,0,0,0)","text_align":"vertical-bottom horizontal-center","image":"shopify:\/\/shop_images\/17947600613417351893_2048.jpg","focal_point":"center center"}}},"block_order":["1524769873765-0"],"settings":{"section_height":"750px","mobile_height":"auto","parallax":true,"style":"minimal","autoplay":false,"autoplay_speed":7}},"collection-header":{"type":"collection-header","settings":{"enable":true,"collection_image_enable":true,"parallax":true}},"collection-sidebar":{"type":"collection-sidebar","blocks":{"1524772785241":{"type":"subcollections","settings":{"enable_subsubcollections":true,"enable_count":false,"collapsed":false}},"1524772580942":{"type":"tags_all","settings":{"title":"Tags","collapsed":false}}},"block_order":["1524772785241","1524772580942"],"settings":{"enable_sidebar":true,"filter_style":"sidebar","tags_combine":false,"enable_sort":true}},"1525115199973":{"type":"blog-posts","disabled":true,"settings":{"title":"From the journal","blog":"news","post_limit":3,"blog_show_tags":false,"blog_show_date":true,"blog_show_comments":false,"blog_show_author":false,"view_all":true,"blog_image_size":"wide","divider":false}},"1525118065355":{"type":"map","disabled":true,"settings":{"map_title":"Our retail store","address":"<p>301 Front St W<br\/>Toronto, Canada<\/p><p>Mon - Fri, 8:30am - 10:30pm<br\/>Saturday, 8:30am - 10:30pm<br\/>Sunday, 8:30am - 10:30pm<\/p>","map_address":"301 Front St W, Toronto, ON M5V 2T6","api_key":"","show_button":true,"background_image_position":"center center"}},"1525295772132":{"type":"featured-collection","settings":{"title":"Featured collection","home_featured_products":"new-notebooks-2025","per_row":4,"rows":1,"mobile_scrollable":true,"view_all":true,"divider":false}},"1525886124958":{"type":"promo-grid","blocks":{"1525886482727":{"type":"advanced","settings":{"subheading":"Limited time","heading":"Announce your promotion","textarea":"Include the smaller details of your promotion in text below the title.","cta_text1":"Shop This","cta_link1":"shopify:\/\/collections\/all","cta_text2":"Shop All","cta_link2":"","image":"shopify:\/\/shop_images\/1501883078005430829_2048.jpg","video_url":"","width":"100","height":720,"text_size":120,"text_align":"vertical-center horizontal-center","focal_point":"80% 50%","color_accent":"rgba(0,0,0,0)","boxed":false,"framed":false}},"1525886854810":{"type":"sale_collection","settings":{"sale_collection":"new-notebooks-2025","top_text":"","middle_text":"","bottom_text":"","width":"100","color_tint":"#000000","color_tint_opacity":0,"boxed":false,"framed":true}},"1525911710924":{"type":"sale_collection","settings":{"sale_collection":"phone-cases-new-collection-2025","top_text":"Up to","middle_text":"50% off","bottom_text":"Select products","width":"100","color_tint":"#000000","color_tint_opacity":0,"boxed":false,"framed":true}}},"block_order":["1525886482727","1525886854810","1525911710924"],"disabled":true,"settings":{"full_width":false,"gutter_size":20,"space_above":false,"space_below":false}},"1525912530555":{"type":"promo-grid","blocks":{"1525912530555-0":{"type":"advanced","settings":{"subheading":"Limited time","heading":"Latest phone cases","textarea":"You can purchase any phone case of your choice depending on your kind of device.","cta_text1":"","cta_link1":"shopify:\/\/collections\/phone-cases-new-collection-2025","cta_text2":"Shop All","cta_link2":"","image":"shopify:\/\/shop_images\/17236799909828662134_2048.jpg","video_url":"","width":"50","height":800,"text_size":120,"text_align":"vertical-center horizontal-center","focal_point":"center","color_accent":"rgba(0,0,0,0)","boxed":false,"framed":true}},"1525912530555-1":{"type":"advanced","disabled":true,"settings":{"subheading":"Limited time","heading":"Announce your promotion","textarea":"Include the smaller details of your promotion in text below the title.","cta_text1":"Shop This","cta_link1":"shopify:\/\/collections\/all","cta_text2":"Shop All","cta_link2":"","video_url":"","width":"50","height":500,"text_size":120,"text_align":"vertical-bottom horizontal-center","focal_point":"80% 50%","color_accent":"rgba(0,0,0,0)","boxed":true,"framed":false}}},"block_order":["1525912530555-0","1525912530555-1"],"settings":{"full_width":true,"gutter_size":20,"space_above":false,"space_below":false}},"1526068199595":{"type":"instagram","disabled":true,"settings":{"title":"","username":"@username","client_id":"","count":"1","full_width":true,"divider":false}},"collection-promotions":{"type":"collection-promotions","blocks":{"1526403837307":{"type":"banner","disabled":true,"settings":{"promo_collection":"","heading":"Banner promotion","text":"Add the details of your promotion in smaller text","link":"shopify:\/\/collections\/all","label":"Shop now","color_tint":"#e95454","color_tint_opacity":10,"framed":false}},"1526496043079":{"type":"advanced","disabled":true,"settings":{"promo_collection":"","subheading":"Limited time","heading":"Announce your promotion","textarea":"Include the smaller details of your promotion in text below the title.","cta_text1":"Shop This","cta_link1":"shopify:\/\/collections\/all","cta_text2":"Shop All","cta_link2":"","video_url":"","width":"100","height":500,"text_size":120,"text_align":"vertical-center horizontal-center","focal_point":"center","color_accent":"rgba(0,0,0,0)","boxed":false,"framed":true}}},"block_order":["1526403837307","1526496043079"],"settings":{"gutter_size":20}},"footer-promotions":{"type":"footer-promotions","blocks":{"promotion_qTYqmq":{"type":"promotion","disabled":true,"settings":{"enable_image":true,"title":"Site-wide promotion","text":"<p>Use this section to promote content throughout every page of your site. Add images for further impact.<\/p>","button_label":"Optional button","button_link":""}}},"block_order":["promotion_qTYqmq"],"settings":{"hide_homepage":true,"image_size":"wide"}},"featured_product_erQPqQ":{"type":"featured-product","settings":{"featured_product":"eagle-photo-block-stunning-wildlife-artwork-for-home-decor","thumbnail_position":"below","show_description":false,"divider":false}},"featured_collection_YQ8MYc":{"type":"featured-collection","settings":{"title":"Featured collection","home_featured_products":"casual-wear","per_row":4,"rows":1,"mobile_scrollable":true,"view_all":true,"divider":false}},"featured_collection_UBqdzq":{"type":"featured-collection","settings":{"title":"Featured collection","home_featured_products":"svitterlar-new-collection-2025","per_row":4,"rows":1,"mobile_scrollable":true,"view_all":true,"divider":false}},"featured_collection_9CTRxR":{"type":"featured-collection","settings":{"title":"Featured collection","home_featured_products":"phone-cases-new-collection-2025","per_row":4,"rows":1,"mobile_scrollable":true,"view_all":true,"divider":false}},"newsletter_MagCV8":{"type":"newsletter","settings":{"title":"Sign up and save","text":"<p>Subscribe to get special offers, free giveaways, and once-in-a-lifetime deals.<\/p>","color_background":"#f9f9f9","color_text":"#1c1d1d"}}},"content_for_index":["1524769873765","1498163293234","1525912530555","1499789718857","1525886124958","1525295772132","1525115199973","1525118065355","1526068199595","featured_collection_YQ8MYc","featured_product_erQPqQ","featured_collection_UBqdzq","featured_collection_9CTRxR","newsletter_MagCV8"],"blocks":{"5890205134905443601":{"type":"shopify:\/\/apps\/seoant-trust-badges\/blocks\/trust_core\/f42f2346-5d14-4b41-a8b9-4b6ee352262e","disabled":false,"settings":{}},"4976129024724438625":{"type":"shopify:\/\/apps\/smart-seo\/blocks\/brokenLinkDetection\/7b0a6064-ca2e-4392-9a1d-8c43c942357b","disabled":false,"settings":{}},"6406956604159796213":{"type":"shopify:\/\/apps\/smart-seo\/blocks\/smartseo\/7b0a6064-ca2e-4392-9a1d-8c43c942357b","disabled":false,"settings":{}},"1996061711396120121":{"type":"shopify:\/\/apps\/uppromote-affiliate\/blocks\/message-bar\/64c32457-930d-4cb9-9641-e24c0d9cf1f4","disabled":false,"settings":{}},"9005256451184024879":{"type":"shopify:\/\/apps\/uppromote-affiliate\/blocks\/customer-referral\/64c32457-930d-4cb9-9641-e24c0d9cf1f4","disabled":false,"settings":{}},"855628211100114053":{"type":"shopify:\/\/apps\/klaviyo-email-marketing-sms\/blocks\/klaviyo-onsite-embed\/2632fe16-c075-4321-a88b-50b567f42507","disabled":false,"settings":{}},"16216491870256628967":{"type":"shopify:\/\/apps\/bss-labels-badges\/blocks\/bss-pl-config-data\/91bfe765-b604-49a1-805e-3599fa600b24","disabled":true,"settings":{}},"17368511000352060744":{"type":"shopify:\/\/apps\/goaffpro-affiliate-marketing\/blocks\/goaffpro-embedded-pixel\/2f4d802b-86c2-47e4-8096-ae1aa3efbab2","disabled":true,"settings":{}},"6610233760104865948":{"type":"shopify:\/\/apps\/pushowl-brevo-email-push-sms\/blocks\/pushowl-app-embed-3d2ff2b5\/fa20c3ba-38bf-43e0-ba5c-431f6ae07d95","disabled":false,"settings":{}}}},"presets":{"Modern":{"color_body_bg":"#ffffff","color_body_text":"#000000","color_price":"#1c1d1d","color_savings_text":"#ff4e4e","color_borders":"#e8e8e1","color_button":"#111111","color_button_text":"#fff","color_cart_dot":"#ff4f33","color_small_image_bg":"#fff","color_large_image_bg":"#0f0f0f","color_header":"#fff","color_header_text":"#000","color_announcement":"#0f0f0f","color_announcement_text":"#fff","color_footer":"#ffffff","color_footer_text":"#000000","color_drawer_background":"#ffffff","color_drawer_text":"#000000","color_drawer_border":"#e8e8e1","color_drawer_button":"#111111","color_drawer_button_text":"#ffffff","color_modal_overlays":"#e6e6e6","color_image_overlay":"#000","color_image_overlay_text_shadow":20,"type_header_font_family":"bauer_bodoni_n7","type_header_spacing":"0","type_header_base_size":40,"type_header_line_height":1,"type_header_capitalize":false,"type_headers_align_text":true,"type_base_font_family":"futura_n4","type_base_spacing":"25","type_base_size":17,"type_base_line_height":1.6,"type_body_align_text":true,"type_navigation_style":"body","type_navigation_size":18,"type_product_style":"body","type_collection_font":"heading","type_collection_size":26,"button_style":"square","icon_weight":"3px","icon_linecaps":"miter","vendor_enable":false,"sku_enable":false,"quantity_enable":false,"variant_type":"button","inventory_enable":true,"quick_shop_text":"Quick view","product_grid_image_size":"natural","product_hover_image":false,"product_color_swatches":false,"collection_color_swatches":false,"product_video_width":"960","product_video_height":"1280","product_video_style":"muted","product_contact":false,"collection_grid_style":"overlaid","collection_grid_shape":"square","collection_grid_image":"product","collection_grid_text_align":"center","collection_grid_tint":"#000000","collection_grid_opacity":10,"collection_grid_gutter":true,"cart_type":"drawer","cart_notes_enable":false,"cart_terms_conditions_enable":false,"currency_format":"money_format","social_facebook_link":"https:\/\/www.facebook.com\/shopify","social_pinterest_link":"https:\/\/www.pinterest.com\/shopify","social_instagram_link":"https:\/\/instagram.com\/shopify","share_facebook":true,"share_twitter":true,"share_pinterest":true,"checkout_logo_position":"left","checkout_logo_size":"small","checkout_body_background_color":"#fff","checkout_input_background_color_mode":"white","checkout_sidebar_background_color":"#fafafa","checkout_accent_color":"#111111","checkout_button_color":"#111111","checkout_error_color":"#ff6d6d","breadcrumb":true,"sections":{"header":{"type":"header","blocks":{"1524770014057":{"type":"logo","settings":{"desktop_logo_width":140,"mobile_logo_width":110}},"1524770292306":{"type":"announcement","settings":{"text":"Free shipping","link_text":"On all orders over $100"}},"1524770296206":{"type":"announcement","settings":{"text":"Hassle-free returns","link_text":"30-day postage paid returns"}}},"block_order":["1524770014057","1524770292306","1524770296206"],"settings":{"main_menu_link_list":"main-menu","main_menu_alignment":"center-split","header_style":"sticky","sticky_index":false,"sticky_collection":false,"header_search_enable":true,"toolbar_menu":"top","toolbar_social":true,"announcement_compact":true}},"footer":{"type":"footer","blocks":{"1494301487048":{"type":"logo_social","settings":{"container_width":95}},"1494301487049":{"type":"menu","settings":{"menu":"footer","container_width":25}},"1494292487693":{"type":"newsletter","settings":{"container_width":33}}},"block_order":["1494301487049","1494292487693","1494301487048"],"settings":{"show_payment_icons":false}},"collection-template":{"type":"collection-template","settings":{"subcollection_style":"above","subcollections_per_row":5,"per_row":4}},"product-template":{"type":"product-template","settings":{"image_size":"large","social_enable":true,"recently_viewed_enable":true,"recent_count":5}},"article-template":{"type":"article-template","settings":{"blog_show_tags":true,"blog_show_date":true,"blog_show_comments":true,"blog_show_author":false,"social_sharing_blog":true}},"1498163293234":{"type":"featured-content","settings":{"align_text":"center","narrow_column":false,"enlarge_text":true,"divider":false}},"blog-template":{"type":"blog-template","settings":{"blog_show_tag_filter":true,"blog_show_rss":false,"blog_show_tags":true,"blog_show_date":true,"blog_show_comments":true,"blog_show_author":false,"blog_image_size":"wide"}},"1499789718857":{"type":"featured-collections","blocks":{"1499789718857-0":{"type":"collection","settings":{}},"1499789718857-1":{"type":"collection","settings":{}},"1499789718857-2":{"type":"collection","settings":{}},"1499789718857-3":{"type":"collection","settings":{}}},"block_order":["1499789718857-0","1499789718857-1","1499789718857-2","1499789718857-3"],"settings":{"title":"Shop by category","divider":false,"per_row":4,"enable_gutter":true}},"1499790633921":{"type":"background-image-text","settings":{"button_link":"shopify:\/\/collections\/all","focal_point":"80% 0","color_border":"#cdb8ac","layout":"left","height":750,"framed":false,"parallax":true}},"product-sections-template":{"type":"product-sections-template","blocks":{"product-image-row":{"type":"image-row","settings":{"enable_gutter":false,"enable_zoom":true}},"product-text-and-image":{"type":"text-and-image","settings":{"layout":"left"}},"product-background-image-text":{"type":"background-image-text","settings":{"alignment":"center","color_border":"#f4f4f4","layout":"right","height":550,"parallax":true}},"product-text-columns":{"type":"text-columns","settings":{}},"product-hero-video":{"type":"hero-video","settings":{"text_align":"vertical-bottom horizontal-left","section_height":"650px","mobile_height":"auto"}}},"block_order":["product-image-row","product-text-and-image","product-background-image-text","product-text-columns","product-hero-video"],"settings":{"image_size":"medium","social_enable":true,"collection_links_enable":true}},"page-sections-template":{"type":"page-sections-template","blocks":{"page-image-hero":{"type":"image-hero","settings":{}},"page-rich-text":{"type":"rich-text","settings":{"align_text":"center","narrow_column":true,"enlarge_text":true}},"page-text-columns":{"type":"text-columns","settings":{}},"page-background-image-text":{"type":"background-image-text","settings":{"alignment":"center","color_border":"#f4f4f4","layout":"right","height":550}},"page-featured-collection":{"type":"featured-collection","settings":{"title":"Featured collection","per_row":4,"rows":1,"view_all":true}}},"block_order":["page-image-hero","page-rich-text","page-text-columns","page-background-image-text","page-featured-collection"],"settings":{"page_title_enable":false,"page_content_enable":false}},"newsletter-popup":{"type":"newsletter-popup","settings":{}},"1524769873765":{"type":"slideshow","blocks":{"1524769873765-0":{"type":"image","settings":{"title_size":80,"link":"shopify:\/\/collections\/all","link_text":"Shop all","text_align":"vertical-center horizontal-left","focal_point":"top center"}}},"block_order":["1524769873765-0"],"settings":{"section_height":"750px","mobile_height":"auto","parallax":true,"style":"minimal","autoplay":false,"autoplay_speed":7}},"collection-header":{"type":"collection-header","settings":{"enable":true,"collection_image_enable":true,"parallax":true}},"collection-sidebar":{"type":"collection-sidebar","blocks":{"1524772785241":{"type":"subcollections","settings":{}},"1524772580942":{"type":"tags_all","settings":{}}},"block_order":["1524772785241","1524772580942"],"settings":{"enable_sidebar":true,"filter_style":"sidebar","tags_combine":false,"enable_sort":true}},"1525115199973":{"type":"blog-posts","settings":{"title":"From the journal","blog":"news","post_limit":3,"blog_show_tags":false,"blog_show_date":true,"blog_show_comments":false,"blog_show_author":false,"view_all":true,"blog_image_size":"wide","divider":false}},"1525118065355":{"type":"map","settings":{}},"1525295772132":{"type":"featured-collection","settings":{"per_row":4,"rows":1,"view_all":true,"divider":false}},"1525886124958":{"type":"promo-grid","blocks":{"1525886482727":{"type":"advanced","settings":{"cta_link1":"shopify:\/\/collections\/all","width":"100","height":720,"text_size":120,"focal_point":"80% 50%","boxed":false,"framed":false}},"1525886854810":{"type":"sale_collection","settings":{"width":"50","boxed":false,"framed":true}},"1525911710924":{"type":"sale_collection","settings":{"width":"50","boxed":false,"framed":true}}},"block_order":["1525886482727","1525886854810","1525911710924"],"settings":{"full_width":false,"gutter_size":20,"space_above":false,"space_below":false}},"1525912530555":{"type":"promo-grid","blocks":{"1525912530555-0":{"type":"advanced","settings":{"cta_link1":"shopify:\/\/collections\/all","width":"50","height":800,"text_size":120,"text_align":"vertical-center horizontal-center","focal_point":"center","boxed":false,"framed":true}},"1525912530555-1":{"type":"advanced","settings":{"cta_link1":"shopify:\/\/collections\/all","width":"50","height":500,"text_size":120,"text_align":"vertical-bottom horizontal-center","focal_point":"80% 50%","boxed":true,"framed":false}}},"block_order":["1525912530555-0","1525912530555-1"],"settings":{"full_width":true,"gutter_size":20,"space_above":false,"space_below":false}},"1526068199595":{"type":"instagram","settings":{}},"collection-promotions":{"type":"collection-promotions","blocks":{"1526403837307":{"type":"banner","settings":{"link":"shopify:\/\/collections\/all","label":"Shop now","color_tint":"#e95454","color_tint_opacity":10,"framed":false}},"1526496043079":{"type":"advanced","settings":{"cta_link1":"shopify:\/\/collections\/all","width":"100","height":500,"text_size":120,"text_align":"vertical-center horizontal-center","focal_point":"center","boxed":false,"framed":true}}},"block_order":["1526403837307","1526496043079"],"settings":{"gutter_size":20}}},"content_for_index":["1524769873765","1498163293234","1525912530555","1499789718857","1525886124958","1525295772132","1499790633921","1525115199973","1525118065355","1526068199595"]},"Vintage":{"color_body_bg":"#ffffff","color_body_text":"#000000","color_price":"#1c1d1d","color_savings_text":"#72acc7","color_borders":"#f2f2f2","color_button":"#682d2d","color_button_text":"#fff","color_cart_dot":"#682d2d","color_small_image_bg":"#f7f7f9","color_large_image_bg":"#682d2d","color_header":"#ffffff","color_header_text":"#000000","color_announcement":"#6a2727","color_announcement_text":"#ffffff","color_footer":"#f7f7f9","color_footer_text":"#593b32","color_drawer_background":"#ffffff","color_drawer_text":"#000000","color_drawer_border":"#e8e8e1","color_drawer_button":"#682d2d","color_drawer_button_text":"#ffffff","color_modal_overlays":"#cdc9c2","color_image_overlay":"#000","color_image_overlay_text_shadow":30,"type_header_font_family":"americana_n8","type_header_spacing":"0","type_header_base_size":36,"type_header_line_height":1.2,"type_header_capitalize":true,"type_headers_align_text":true,"type_base_font_family":"avenir_next_n4","type_base_spacing":"0","type_base_size":18,"type_base_line_height":1.5,"type_body_align_text":true,"type_navigation_style":"heading","type_navigation_size":17,"type_product_style":"body","type_collection_font":"heading","type_collection_size":20,"button_style":"square","icon_weight":"3px","icon_linecaps":"miter","vendor_enable":false,"sku_enable":false,"quantity_enable":false,"variant_type":"button","inventory_enable":false,"quick_shop_text":"Quick view","product_grid_image_size":"square","product_hover_image":true,"product_color_swatches":false,"collection_color_swatches":false,"product_video_width":"1280","product_video_height":"720","product_video_style":"muted","product_contact":true,"collection_grid_style":"below","collection_grid_shape":"landscape","collection_grid_image":"product","collection_grid_text_align":"top-center","collection_grid_tint":"#000000","collection_grid_opacity":0,"collection_grid_gutter":true,"cart_type":"drawer","cart_notes_enable":false,"cart_terms_conditions_enable":false,"currency_format":"money_format","social_facebook_link":"https:\/\/www.facebook.com\/shopify","social_twitter_link":"https:\/\/twitter.com\/shopify","social_instagram_link":"https:\/\/instagram.com\/shopify","social_youtube_link":"https:\/\/www.youtube.com\/user\/shopify","share_facebook":true,"share_twitter":true,"share_pinterest":true,"checkout_logo_position":"left","checkout_logo_size":"medium","checkout_body_background_color":"#fff","checkout_input_background_color_mode":"white","checkout_sidebar_background_color":"#f5f5f5","checkout_accent_color":"#682d2d","checkout_button_color":"#682d2d","checkout_error_color":"#ff6d6d","product_fixed_image_height":false,"breadcrumb":true,"sections":{"header":{"type":"header","blocks":{"1520882467782":{"type":"logo","settings":{}},"1521051841065":{"type":"announcement","settings":{"text":"Free shipping","link_text":"On all orders over $100","link":"shopify:\/\/collections\/all"}},"1520888647304":{"type":"announcement","settings":{"text":"Hassle-free returns","link_text":"30-day postage paid returns","link":"shopify:\/\/collections\/all"}}},"block_order":["1520882467782","1521051841065","1520888647304"],"settings":{"main_menu_link_list":"main-menu","main_menu_alignment":"center-split","header_style":"normal","sticky_index":true,"sticky_collection":true,"header_search_enable":true,"toolbar_menu":"toolbar","toolbar_social":true,"announcement_compact":true}},"footer":{"type":"footer","blocks":{"1494301487048":{"type":"logo_social","settings":{"container_width":95}},"1494301487049":{"type":"menu","settings":{"menu":"footer","container_width":25}},"1494292487693":{"type":"newsletter","settings":{"container_width":30}}},"block_order":["1494301487049","1494292487693","1494301487048"],"settings":{"show_payment_icons":false}},"collection-template":{"type":"collection-template","settings":{"subcollection_style":"above","subcollections_per_row":3,"per_row":2}},"product-template":{"type":"product-template","settings":{"image_size":"large","thumbnail_position":"below","social_enable":false,"recently_viewed_enable":true,"recent_count":4}},"article-template":{"type":"article-template","settings":{"blog_show_tags":true,"blog_show_date":true,"blog_show_comments":true,"blog_show_author":false,"social_sharing_blog":true}},"1498163293234":{"type":"featured-content","settings":{"align_text":"center","narrow_column":true,"enlarge_text":true,"divider":false}},"blog-template":{"type":"blog-template","settings":{"blog_show_tag_filter":true,"blog_show_rss":false,"blog_show_tags":true,"blog_show_date":true,"blog_show_comments":true,"blog_show_author":false,"blog_image_size":"wide"}},"1499790633921":{"type":"background-image-text","settings":{"button_link":"shopify:\/\/collections\/all","focal_point":"center","color_border":"#6a635b","layout":"right","height":750,"framed":true,"parallax":true}},"product-sections-template":{"type":"product-sections-template","blocks":{"product-image-row":{"type":"image-row","settings":{"enable_gutter":false,"enable_zoom":true}},"product-text-and-image":{"type":"text-and-image","settings":{"layout":"left"}},"product-background-image-text":{"type":"background-image-text","settings":{"alignment":"center","color_border":"#f4f4f4","layout":"right","height":550,"parallax":true}},"product-text-columns":{"type":"text-columns","settings":{}},"product-hero-video":{"type":"hero-video","settings":{"text_align":"vertical-bottom horizontal-left","section_height":"650px","mobile_height":"auto"}}},"block_order":["product-image-row","product-text-and-image","product-background-image-text","product-text-columns","product-hero-video"],"settings":{"image_size":"medium","social_enable":true,"collection_links_enable":true}},"page-sections-template":{"type":"page-sections-template","blocks":{"page-rich-text":{"type":"rich-text","settings":{"align_text":"center","narrow_column":true,"enlarge_text":true}},"page-text-columns":{"type":"text-columns","settings":{}},"page-background-image-text":{"type":"background-image-text","settings":{"alignment":"center","color_border":"#f4f4f4","layout":"right","height":550}},"page-featured-collection":{"type":"featured-collection","settings":{"per_row":4,"rows":1,"view_all":true}}},"block_order":["page-rich-text","page-text-columns","page-background-image-text","page-featured-collection"],"settings":{"page_title_enable":false,"page_content_enable":false}},"newsletter-popup":{"type":"newsletter-popup","settings":{}},"collection-header":{"type":"collection-header","settings":{"enable":true,"collection_image_enable":true,"parallax":true}},"collection-sidebar":{"type":"collection-sidebar","blocks":{"1524772785241":{"type":"subcollections","settings":{}},"1524772580942":{"type":"tags_all","settings":{}}},"block_order":["1524772785241","1524772580942"],"settings":{"enable_sidebar":true,"filter_style":"sidebar","tags_combine":false,"enable_sort":true}},"1523298253705":{"type":"slideshow","blocks":{"1523298253705-0":{"type":"image","settings":{}},"1523298253705-1":{"type":"image","settings":{"title_size":80,"text_align":"vertical-bottom horizontal-right","focal_point":"center center"}}},"block_order":["1523298253705-0","1523298253705-1"],"settings":{"section_height":"100vh","mobile_height":"500px","parallax":true,"style":"minimal","autoplay":true,"autoplay_speed":7}},"list-collections-template":{"type":"list-collections-template","settings":{"title_enable":true,"display_type":"all","sort":"alphabetical","grid":"3"}},"1523380258742":{"type":"featured-collections","disabled":true,"blocks":{"1523380258742-0":{"type":"collection","settings":{}},"1523380258742-1":{"type":"collection","settings":{}},"1523380258742-2":{"type":"collection","settings":{}},"1524685811204":{"type":"collection","settings":{}},"1524685816171":{"type":"collection","settings":{}},"1524685829380":{"type":"collection","settings":{}}},"block_order":["1523380258742-0","1523380258742-1","1523380258742-2","1524685811204","1524685816171","1524685829380"],"settings":{"divider":false,"per_row":3,"enable_gutter":true}},"1524685456938":{"type":"background-image-text","settings":{"button_link":"shopify:\/\/collections\/all","focal_point":"center","color_border":"#655147","layout":"right","height":650,"framed":true,"parallax":true}},"1524685919990":{"type":"featured-collection","settings":{"per_row":4,"rows":1,"view_all":true,"divider":false}},"1524685997883":{"type":"newsletter","settings":{"color_background":"#f7f7f9","color_text":"#3f2e2e"}},"1524686167862":{"type":"featured-collection","settings":{"per_row":3,"rows":1,"view_all":true,"divider":false}},"1524686876171":{"type":"featured-collections","blocks":{"1524686876171-0":{"type":"collection","settings":{}},"1524686876171-1":{"type":"collection","settings":{}}},"block_order":["1524686876171-0","1524686876171-1"],"settings":{"divider":false,"per_row":2,"enable_gutter":true}},"1525878145666":{"type":"promo-grid","blocks":{"1525879359021":{"type":"advanced","settings":{"cta_link1":"shopify:\/\/collections\/all","width":"100","height":500,"text_size":120,"text_align":"vertical-center horizontal-center","focal_point":"80% 50%","boxed":false,"framed":true}}},"block_order":["1525879359021"],"settings":{"full_width":false,"gutter_size":20,"space_above":false,"space_below":false}},"1525881294487":{"type":"promo-grid","blocks":{"1525881312850":{"type":"banner","settings":{"link":"shopify:\/\/collections\/all","label":"Learn more","color_tint":"#d69344","color_tint_opacity":14,"framed":true}}},"block_order":["1525881312850"],"settings":{"full_width":false,"gutter_size":0,"space_above":false,"space_below":false}},"1525968536765":{"type":"promo-grid","blocks":{"1525968571112":{"type":"product","settings":{"label":"New","enable_price":true,"width":"100","text_size":100,"color_tint":"#000","color_tint_opacity":0,"framed":false}}},"block_order":["1525968571112"],"settings":{"full_width":false,"gutter_size":20,"space_above":false,"space_below":false}},"1525969002555":{"type":"blog-posts","settings":{"blog":"news","post_limit":3,"blog_show_tags":false,"blog_show_date":true,"blog_show_comments":false,"blog_show_author":false,"view_all":true,"blog_image_size":"wide","divider":false}},"1526333080570":{"type":"instagram","settings":{}},"1526493275292":{"type":"promo-grid","blocks":{"1526493290477":{"type":"sale_collection","settings":{"width":"100","boxed":true,"framed":true}}},"block_order":["1526493290477"],"settings":{"full_width":false,"gutter_size":20,"space_above":false,"space_below":true}},"collection-promotions":{"type":"collection-promotions","blocks":{"1526501666154":{"type":"sale_collection","settings":{"width":"100","boxed":true,"framed":true}},"1526501699095":{"type":"banner","settings":{"heading":"Free shipping","link":"shopify:\/\/collections\/all","label":"Learn more","color_tint":"#d69344","color_tint_opacity":14,"framed":true}}},"block_order":["1526501666154","1526501699095"],"settings":{"gutter_size":20}}},"content_for_index":["1523298253705","1498163293234","1525878145666","1523380258742","1524686876171","1526493275292","1524685456938","1524685919990","1525881294487","1524686167862","1524685997883","1499790633921","1525968536765","1525969002555","1526333080570"]},"Bold":{"color_body_bg":"#000000","color_body_text":"#ffffff","color_price":"#d1ba98","color_savings_text":"#ff6565","color_borders":"#2b2a27","color_button":"#9f8561","color_button_text":"#ffffff","color_cart_dot":"#9f8561","color_small_image_bg":"#000000","color_large_image_bg":"#111111","color_header":"#000000","color_header_text":"#ffffff","color_announcement":"#cf2424","color_announcement_text":"#fff","color_footer":"#000000","color_footer_text":"#ffffff","color_drawer_background":"#000000","color_drawer_text":"#ffffff","color_drawer_border":"#2b2a27","color_drawer_button":"#9f8561","color_drawer_button_text":"#ffffff","color_modal_overlays":"#67635d","color_image_overlay":"#000","color_image_overlay_opacity":15,"color_image_overlay_text_shadow":30,"type_header_font_family":"fjalla_one_n4","type_header_spacing":"150","type_header_base_size":45,"type_header_line_height":1.2,"type_header_capitalize":true,"type_headers_align_text":true,"type_base_font_family":"itc_conduit_n4","type_base_spacing":"50","type_base_size":18,"type_base_line_height":1.4,"type_body_align_text":true,"type_navigation_style":"heading","type_navigation_size":18,"type_product_style":"heading","type_collection_font":"heading","type_collection_size":23,"button_style":"angled","icon_weight":"5px","icon_linecaps":"miter","vendor_enable":false,"sku_enable":false,"quantity_enable":false,"variant_type":"button","inventory_enable":false,"product_save_amount":true,"product_zoom_enable":false,"quick_shop_enable":true,"quick_shop_text":"Quick view","product_grid_image_size":"square","product_hover_image":false,"product_color_swatches":false,"collection_color_swatches":false,"product_video_width":"1280","product_video_height":"720","product_video_style":"muted","product_content_collapse_1":false,"product_content_collapse_2":true,"product_content_collapse_3":true,"product_contact":false,"enable_product_reviews":true,"reviews_layout":"expandable","collection_grid_style":"overlaid-box","collection_grid_shape":"landscape","collection_grid_image":"collection","collection_grid_text_align":"bottom-center","collection_grid_tint":"#000000","collection_grid_opacity":10,"collection_grid_gutter":true,"cart_type":"drawer","currency_format":"money_format","social_facebook_link":"https:\/\/www.facebook.com\/shopify","social_twitter_link":"https:\/\/twitter.com\/shopify","social_youtube_link":"https:\/\/www.youtube.com\/user\/shopify","share_facebook":true,"share_twitter":true,"share_pinterest":true,"checkout_logo_position":"left","checkout_logo_size":"small","checkout_body_background_color":"#000000","checkout_input_background_color_mode":"transparent","checkout_sidebar_background_color":"#000000","checkout_heading_font":"Helvetica Neue","checkout_body_font":"Helvetica Neue","checkout_accent_color":"#ae9878","checkout_button_color":"#ae9878","checkout_error_color":"#ff6d6d","color_image_2":"#cf2424","color_image_2_opacity":0,"color_image_1":"#6d1414","color_image_1_opacity":0,"type_accent_style":"body","type_accent_bold":true,"type_accent_capitalize":true,"type_button_font":"heading","type_button_capitalize":false,"type_header_accent_transform":true,"type_base_accent_transform":true,"collection_grid_font":"heading","color_image_bg":"#000000","breadcrumb":true,"color_sale_tag":"#990000","color_input":"#ffffff","checkout_banner_background_color":"#fff","checkout_call_to_action_color":"#a26b25","sections":{"header":{"type":"header","blocks":{"1524768779513":{"type":"logo","settings":{}}},"block_order":["1524768779513"],"settings":{"main_menu_link_list":"main-menu","main_menu_alignment":"left-center","header_style":"normal","sticky_index":true,"sticky_collection":false,"header_search_enable":false,"toolbar_social":false,"announcement_compact":false}},"footer":{"type":"footer","blocks":{"1494292487693":{"type":"newsletter","settings":{}},"1526406521795":{"type":"menu","settings":{"menu":"footer","container_width":25}},"1525444454442":{"type":"logo_social","settings":{"container_width":95}}},"block_order":["1494292487693","1526406521795","1525444454442"],"settings":{"show_payment_icons":true}},"collection-template":{"type":"collection-template","settings":{"subcollection_style":"above","subcollections_per_row":3,"per_row":5}},"product-template":{"type":"product-template","settings":{"image_size":"large","social_enable":true,"recently_viewed_enable":true,"recent_count":5}},"article-template":{"type":"article-template","settings":{"blog_show_tags":true,"blog_show_date":true,"blog_show_comments":true,"blog_show_author":false,"social_sharing_blog":true}},"blog-template":{"type":"blog-template","settings":{"blog_show_tag_filter":true,"blog_show_rss":false,"blog_show_tags":true,"blog_show_date":true,"blog_show_comments":true,"blog_show_author":false,"blog_image_size":"wide"}},"1499790633921":{"type":"background-image-text","settings":{"button_link":"shopify:\/\/collections\/all","focal_point":"center","color_border":"#090909","layout":"right","height":750,"framed":false,"parallax":true}},"product-sections-template":{"type":"product-sections-template","blocks":{"product-background-image-text":{"type":"background-image-text","settings":{"button_link":"shopify:\/\/collections\/all","alignment":"top left","color_border":"#3a6815","layout":"right","height":550,"parallax":false}},"product-text-columns":{"type":"text-columns","settings":{}}},"block_order":["product-background-image-text","product-text-columns"],"settings":{"image_size":"large","thumbnail_position":"below","social_enable":true,"collection_links_enable":true}},"page-sections-template":{"type":"page-sections-template","blocks":{"page-rich-text":{"type":"rich-text","settings":{"align_text":"center","narrow_column":true,"enlarge_text":true}},"page-text-columns":{"type":"text-columns","settings":{}},"page-background-image-text":{"type":"background-image-text","settings":{"alignment":"center","color_border":"#f4f4f4","layout":"right","height":550}},"page-featured-collection":{"type":"featured-collection","settings":{"per_row":4,"rows":1,"view_all":true}}},"block_order":["page-rich-text","page-text-columns","page-background-image-text","page-featured-collection"],"settings":{"page_title_enable":false,"page_content_enable":false}},"newsletter-popup":{"type":"newsletter-popup","settings":{}},"1524768368258":{"type":"slideshow","blocks":{"1524768368258-0":{"type":"image","settings":{"link":"shopify:\/\/collections\/all","link_text":"Shop all","text_align":"vertical-center horizontal-left","focal_point":"top center"}}},"block_order":["1524768368258-0"],"settings":{"section_height":"750px","mobile_height":"auto","parallax":true,"style":"minimal","autoplay":true,"autoplay_speed":5}},"collection-header":{"type":"collection-header","settings":{"enable":true,"collection_image_enable":false,"parallax":false}},"collection-sidebar":{"type":"collection-sidebar","blocks":{"1524772785241":{"type":"subcollections","settings":{}},"1524772580942":{"type":"tags_all","settings":{}}},"block_order":["1524772785241","1524772580942"],"settings":{"enable_sidebar":true,"filter_style":"sidebar","tags_combine":false,"enable_sort":true}},"1525290496166":{"type":"featured-collections","blocks":{"1525290496166-0":{"type":"collection","settings":{}},"1525290496166-2":{"type":"collection","settings":{}},"1525290496166-1":{"type":"collection","settings":{}}},"block_order":["1525290496166-0","1525290496166-2","1525290496166-1"],"settings":{"divider":false,"per_row":3,"enable_gutter":true}},"1525899982112":{"type":"instagram","settings":{}},"1525969132569":{"type":"promo-grid","blocks":{"1525969870126":{"type":"product","settings":{"link_label":"Shop now","label":"New","enable_price":true,"width":"50","text_size":100,"color_tint":"#f8ebd4","color_tint_opacity":0,"framed":true}},"1525969996422":{"type":"product","settings":{"link_label":"Shop now","label":"New","enable_price":true,"width":"50","text_size":100,"color_tint":"#ff0000","color_tint_opacity":0,"framed":true}}},"block_order":["1525969870126","1525969996422"],"settings":{"full_width":false,"gutter_size":5,"space_above":false,"space_below":false}},"1526048428302":{"type":"featured-collection","settings":{"per_row":4,"rows":1,"view_all":false,"divider":false}},"1526048519234":{"type":"newsletter","settings":{"color_background":"#171615","color_text":"#ffffff"}},"1526048620689":{"type":"blog-posts","settings":{"title":"Our blog","blog":"news","post_limit":3,"blog_show_tags":false,"blog_show_date":true,"blog_show_comments":false,"blog_show_author":false,"view_all":true,"blog_image_size":"wide","divider":false}},"collection-promotions":{"type":"collection-promotions","blocks":{"1526501090474":{"type":"advanced","settings":{"cta_link1":"shopify:\/\/collections\/all","width":"50","height":400,"text_size":120,"text_align":"vertical-center horizontal-center","focal_point":"center","boxed":false,"framed":true}},"1526501130849":{"type":"sale_collection","settings":{"width":"50","boxed":false,"framed":true}},"1526501360047":{"type":"banner","settings":{"label":"Shop 2017","color_tint":"#514f4b","color_tint_opacity":20,"framed":false}}},"block_order":["1526501090474","1526501130849","1526501360047"],"settings":{"gutter_size":20}},"1526480838446":{"type":"background-image-text","settings":{"button_link":"shopify:\/\/collections\/all","focal_point":"center","color_border":"#f4f4f4","layout":"left","height":750,"framed":false,"parallax":true}},"1526481284428":{"type":"featured-content","settings":{"align_text":"center","narrow_column":true,"enlarge_text":true,"divider":false}},"1526481405629":{"type":"promo-grid","blocks":{"1526481405629-1":{"type":"advanced","settings":{"width":"100","height":660,"text_size":120,"text_align":"vertical-center horizontal-center","focal_point":"center","boxed":false,"framed":false}}},"block_order":["1526481405629-1"],"settings":{"full_width":false,"gutter_size":34,"space_above":false,"space_below":true}}},"content_for_index":["1524768368258","1526481284428","1525969132569","1525290496166","1526048428302","1526480838446","1499790633921","1526048519234","1526048620689","1526481405629","1525899982112"]}}}